{
  "intercept": 3.6884750880724706,
  "coefficients": [
    0.0483441907579553,
    -0.047545268539415916,
    -0.04154212350283033,
    -0.01878788089466939,
    -0.051164838805483816,
    -0.14458094225691506,
    -0.15287866280694823,
    -0.025812049859462054,
    -0.05061912933569229,
    0.7742081535780029,
    0.3237767514567663,
    0.06640938550172225,
    0.08069219668671052,
    0.04986187080786976,
    0.008160490609989359,
    0.0024015732333348455,
    0.029533200531956755
  ],
  "feature_means": {
    "SO2_current": 3.6866907626847234,
    "NO2_current": 17.627121745893763,
    "O3_current": 50.574554681185276,
    "PM10_current": 16.458789557049172,
    "PM2.5_current": 8.264619689335378,
    "SO2_lag_8h": 3.692455506245139,
    "SO2_lag_24h": 3.6794162053346753,
    "SO2_lag_48h": 3.670403074529899,
    "SO2_lag_168h": 3.654023882509036,
    "SO2_rolling_24h": 3.686060169861842,
    "SO2_rolling_7d": 3.6666637631041423,
    "hour_sin": -0.00873482817186899,
    "hour_cos": 0.006003427595391256,
    "dow_sin": -0.012916837363884305,
    "dow_cos": 0.00644219049536611,
    "month_sin": -0.03311571572143489,
    "month_cos": -0.006645613555065034
  },
  "feature_stds": {
    "SO2_current": 1.442886231899885,
    "NO2_current": 14.618728464456323,
    "O3_current": 22.552001065299724,
    "PM10_current": 10.374915778553644,
    "PM2.5_current": 6.399726721444813,
    "SO2_lag_8h": 1.4518045189760915,
    "SO2_lag_24h": 1.4290291563643274,
    "SO2_lag_48h": 1.4158881924706577,
    "SO2_lag_168h": 1.3947278468634663,
    "SO2_rolling_24h": 1.0090442065820096,
    "SO2_rolling_7d": 0.8382227572292994,
    "hour_sin": 0.7064865348167557,
    "hour_cos": 0.7076794377703391,
    "dow_sin": 0.7074062048175707,
    "dow_cos": 0.7066921956363625,
    "month_sin": 0.7199564722189508,
    "month_cos": 0.6932298068693525
  },
  "model_type": "ridge_numpy",
  "station": "València - Pista de Silla",
  "pollutant": "SO2",
  "horizon_hours": 8,
  "target_window_hours": 1,
  "alpha": 5.0,
  "feature_names": [
    "SO2_current",
    "NO2_current",
    "O3_current",
    "PM10_current",
    "PM2.5_current",
    "SO2_lag_8h",
    "SO2_lag_24h",
    "SO2_lag_48h",
    "SO2_lag_168h",
    "SO2_rolling_24h",
    "SO2_rolling_7d",
    "hour_sin",
    "hour_cos",
    "dow_sin",
    "dow_cos",
    "month_sin",
    "month_cos"
  ],
  "trained_at_utc": "2026-06-23T02:31:40+00:00",
  "source_file": "data/time/filtrado_València - Pista de Silla.csv",
  "source_start": "2019-01-01 00:00:00",
  "source_end": "2025-01-31 23:00:00",
  "train_start": "2022-02-02 17:00:00",
  "train_end": "2024-12-31 22:00:00",
  "test_start": "2024-12-31 23:00:00",
  "test_end": "2025-01-31 15:00:00",
  "train_rows": 21857,
  "test_rows": 713,
  "metrics": {
    "mae": 0.9490506356395232,
    "rmse": 1.3116900615224518,
    "r2": 0.13080271973286306
  },
  "baseline_metrics": {
    "mae": 1.091164095371669,
    "rmse": 1.9859252297689405,
    "r2": -0.9924236552087369
  },
  "beats_baseline_mae": true
}