{
  "intercept": 8.073259810989981,
  "coefficients": [
    -0.011031791546504683,
    0.28238917207966346,
    0.030516280521878995,
    -0.3112153620493307,
    9.97410968781991,
    0.992889641197109,
    2.895385063801031,
    -0.159792869749591,
    0.04116897938711031,
    -7.341782597093144,
    0.034702602083213185,
    0.046810325714195536,
    0.04224880777121582,
    0.051785391304318064,
    0.03055425392446861,
    -0.06188879801630036,
    0.0867555600754651
  ],
  "feature_means": {
    "SO2_current": 3.6807841021490875,
    "NO2_current": 17.363501483679524,
    "O3_current": 51.02974638286211,
    "PM10_current": 16.32913706897818,
    "PM2.5_current": 8.074946297401542,
    "PM2.5_lag_8h": 8.080133268284596,
    "PM2.5_lag_24h": 8.080705109497483,
    "PM2.5_lag_48h": 8.09358955342073,
    "PM2.5_lag_168h": 8.25075594809389,
    "PM2.5_rolling_24h": 8.079795102525768,
    "PM2.5_rolling_7d": 8.137166738955392,
    "hour_sin": -0.003888344892109885,
    "hour_cos": 0.003132007893987188,
    "dow_sin": -0.010469442937739841,
    "dow_cos": 0.0013876370451829617,
    "month_sin": -0.04305148717134934,
    "month_cos": -0.015280773030211676
  },
  "feature_stds": {
    "SO2_current": 1.4339396939768154,
    "NO2_current": 14.382401499336149,
    "O3_current": 22.19529066896251,
    "PM10_current": 10.415900013622888,
    "PM2.5_current": 6.349314551621718,
    "PM2.5_lag_8h": 6.348864747196355,
    "PM2.5_lag_24h": 6.344755379100654,
    "PM2.5_lag_48h": 6.353333699696443,
    "PM2.5_lag_168h": 6.353183627372448,
    "PM2.5_rolling_24h": 6.2030235730056225,
    "PM2.5_rolling_7d": 5.148007691579818,
    "hour_sin": 0.7066313964859587,
    "hour_cos": 0.7075960017461442,
    "dow_sin": 0.7073293287523653,
    "dow_cos": 0.7068370695620495,
    "month_sin": 0.721038734781203,
    "month_cos": 0.6914196110520819
  },
  "model_type": "ridge_numpy",
  "station": "València - Pista de Silla",
  "pollutant": "PM2.5",
  "horizon_hours": 8,
  "target_window_hours": 24,
  "alpha": 5.0,
  "feature_names": [
    "SO2_current",
    "NO2_current",
    "O3_current",
    "PM10_current",
    "PM2.5_current",
    "PM2.5_lag_8h",
    "PM2.5_lag_24h",
    "PM2.5_lag_48h",
    "PM2.5_lag_168h",
    "PM2.5_rolling_24h",
    "PM2.5_rolling_7d",
    "hour_sin",
    "hour_cos",
    "dow_sin",
    "dow_cos",
    "month_sin",
    "month_cos"
  ],
  "trained_at_utc": "2026-06-23T02:31:40+00:00",
  "source_file": "data/time/filtrado_València - Pista de Silla.csv",
  "source_start": "2019-01-01 00:00:00",
  "source_end": "2025-01-31 23:00:00",
  "train_start": "2022-02-01 23:00:00",
  "train_end": "2024-12-18 07:00:00",
  "test_start": "2025-01-03 12:00:00",
  "test_end": "2025-01-31 15:00:00",
  "train_rows": 22242,
  "test_rows": 672,
  "metrics": {
    "mae": 1.0782548531791527,
    "rmse": 1.600061600288879,
    "r2": 0.9302515838291103
  },
  "baseline_metrics": {
    "mae": 1.4338890653428698,
    "rmse": 2.235259308418405,
    "r2": 0.8638816208784881
  },
  "beats_baseline_mae": true
}