{
  "intercept": 3.339452272276245,
  "coefficients": [
    0.26108019949703204,
    -0.023878229233571757,
    -0.011291929902183277,
    -0.036645899473410154,
    0.040655838480366364,
    -0.0009078561990552384,
    -0.05083807976225246,
    0.0013209976333109878,
    -0.038651724573448294,
    0.1991784942546077,
    0.1490348288855793,
    -0.0015784100726580722,
    0.06318581258206499,
    0.008781044817782052,
    -0.01124642569051453,
    0.019272319812005046,
    -0.00537182445169204
  ],
  "feature_means": {
    "SO2_current": 3.3381623337963884,
    "NO2_current": 11.2352153205001,
    "O3_current": 54.54250447698428,
    "PM10_current": 15.017351211447057,
    "PM2.5_current": 9.929711216607135,
    "SO2_lag_8h": 3.3364754911688825,
    "SO2_lag_24h": 3.3356816828735862,
    "SO2_lag_48h": 3.33300257987696,
    "SO2_lag_168h": 3.3244691407025204,
    "SO2_rolling_24h": 3.3367699281229726,
    "SO2_rolling_7d": 3.3322232601190986,
    "hour_sin": -0.0090156534754191,
    "hour_cos": 0.01006618395466577,
    "dow_sin": -0.016098267024797868,
    "dow_cos": 0.010853431870339011,
    "month_sin": -0.0018490005335058785,
    "month_cos": -0.05599193781011149
  },
  "feature_stds": {
    "SO2_current": 0.7248327819491058,
    "NO2_current": 12.012223667915936,
    "O3_current": 23.258922486488853,
    "PM10_current": 7.929574035888891,
    "PM2.5_current": 6.276607180404319,
    "SO2_lag_8h": 0.7190232638284387,
    "SO2_lag_24h": 0.7240003581935257,
    "SO2_lag_48h": 0.7205694805340683,
    "SO2_lag_168h": 0.7193664285581215,
    "SO2_rolling_24h": 0.5971066212725935,
    "SO2_rolling_7d": 0.4853406030753508,
    "hour_sin": 0.7076301677873355,
    "hour_cos": 0.7064888831326742,
    "dow_sin": 0.7087888980581566,
    "dow_cos": 0.7051885872462006,
    "month_sin": 0.7230798777321297,
    "month_cos": 0.6885248247355842
  },
  "model_type": "ridge_numpy",
  "station": "València - Politècnic",
  "pollutant": "SO2",
  "horizon_hours": 8,
  "target_window_hours": 1,
  "alpha": 5.0,
  "feature_names": [
    "SO2_current",
    "NO2_current",
    "O3_current",
    "PM10_current",
    "PM2.5_current",
    "SO2_lag_8h",
    "SO2_lag_24h",
    "SO2_lag_48h",
    "SO2_lag_168h",
    "SO2_rolling_24h",
    "SO2_rolling_7d",
    "hour_sin",
    "hour_cos",
    "dow_sin",
    "dow_cos",
    "month_sin",
    "month_cos"
  ],
  "trained_at_utc": "2026-06-23T02:31:40+00:00",
  "source_file": "data/time/filtrado_València - Politècnic.csv",
  "source_start": "2019-01-01 00:00:00",
  "source_end": "2025-01-31 23:00:00",
  "train_start": "2022-02-01 23:00:00",
  "train_end": "2024-12-31 22:00:00",
  "test_start": "2024-12-31 23:00:00",
  "test_end": "2025-01-31 15:00:00",
  "train_rows": 20156,
  "test_rows": 697,
  "metrics": {
    "mae": 0.08339626108790484,
    "rmse": 0.1348405872470367,
    "r2": -0.8287725569476179
  },
  "baseline_metrics": {
    "mae": 0.01721664275466284,
    "rmse": 0.13121220505220862,
    "r2": -0.7316770186335404
  },
  "beats_baseline_mae": false
}