{
  "intercept": 9.892076527062718,
  "coefficients": [
    -0.04439137766865989,
    0.5185082744630279,
    0.0970566962709511,
    0.025604412185455352,
    9.177709451425065,
    -3.3184580986516075,
    1.2079060445023082,
    0.22945659254652065,
    0.07526948757856831,
    -1.684206990677102,
    -0.3230246428337718,
    0.021208134691807705,
    -0.01895029293752577,
    0.020205713198689437,
    0.05866646018998425,
    0.2947414359598917,
    0.2269046701381933
  ],
  "feature_means": {
    "SO2_current": 3.470011534025375,
    "NO2_current": 14.314926951172627,
    "O3_current": 53.72783104254775,
    "PM10_current": 19.571011977695946,
    "PM2.5_current": 9.839712598328617,
    "PM2.5_lag_8h": 9.815350417680508,
    "PM2.5_lag_24h": 9.759339756946323,
    "PM2.5_lag_48h": 9.752889794850793,
    "PM2.5_lag_168h": 9.827127927383566,
    "PM2.5_rolling_24h": 9.801594121394976,
    "PM2.5_rolling_7d": 9.77624827793861,
    "hour_sin": -0.0030519998005574655,
    "hour_cos": 0.00029907889491499783,
    "dow_sin": -0.005904620555748924,
    "dow_cos": 0.0023039635285371546,
    "month_sin": 0.09163329422903706,
    "month_cos": -0.048476048463497706
  },
  "feature_stds": {
    "SO2_current": 0.7713973902208212,
    "NO2_current": 13.325547131653463,
    "O3_current": 23.292573399887264,
    "PM10_current": 12.029758554040056,
    "PM2.5_current": 6.9243591511118945,
    "PM2.5_lag_8h": 6.930071006336221,
    "PM2.5_lag_24h": 6.907904079801952,
    "PM2.5_lag_48h": 6.889564870353367,
    "PM2.5_lag_168h": 6.827819397503838,
    "PM2.5_rolling_24h": 6.765090298484869,
    "PM2.5_rolling_7d": 5.361730352215768,
    "hour_sin": 0.7069008128982646,
    "hour_cos": 0.7073400150349359,
    "dow_sin": 0.7091285889905802,
    "dow_cos": 0.7050847681679329,
    "month_sin": 0.6942815218938438,
    "month_cos": 0.7122317914349019
  },
  "model_type": "ridge_numpy",
  "station": "València - Av. França",
  "pollutant": "PM2.5",
  "horizon_hours": 24,
  "target_window_hours": 24,
  "alpha": 5.0,
  "feature_names": [
    "SO2_current",
    "NO2_current",
    "O3_current",
    "PM10_current",
    "PM2.5_current",
    "PM2.5_lag_8h",
    "PM2.5_lag_24h",
    "PM2.5_lag_48h",
    "PM2.5_lag_168h",
    "PM2.5_rolling_24h",
    "PM2.5_rolling_7d",
    "hour_sin",
    "hour_cos",
    "dow_sin",
    "dow_cos",
    "month_sin",
    "month_cos"
  ],
  "trained_at_utc": "2026-06-23T02:31:40+00:00",
  "source_file": "data/time/filtrado_València - Av. França.csv",
  "source_start": "2019-01-01 00:00:00",
  "source_end": "2025-01-31 23:00:00",
  "train_start": "2022-02-01 23:00:00",
  "train_end": "2024-12-31 22:00:00",
  "test_start": "2024-12-31 23:00:00",
  "test_end": "2025-01-30 23:00:00",
  "train_rows": 20808,
  "test_rows": 706,
  "metrics": {
    "mae": 4.226240801746495,
    "rmse": 6.044037806402704,
    "r2": 0.45039588718410006
  },
  "baseline_metrics": {
    "mae": 4.9235816299109185,
    "rmse": 7.242237269012388,
    "r2": 0.21088349429532005
  },
  "beats_baseline_mae": true
}