{
  "intercept": 8.067014202433288,
  "coefficients": [
    -0.008439623270444615,
    0.6488536821805795,
    0.18755103040204113,
    -1.014301833750796,
    8.788080902485321,
    -1.5652369665595092,
    1.724331088492973,
    0.07360935718620286,
    0.15757729485007166,
    -3.3741219109599485,
    0.18974798224281506,
    0.13266630116966321,
    0.0663574351559222,
    0.10534090358879988,
    0.1606205014684099,
    -0.162255035448316,
    0.4064336500245971
  ],
  "feature_means": {
    "SO2_current": 3.6771710585891517,
    "NO2_current": 17.30539708412569,
    "O3_current": 51.09519012259437,
    "PM10_current": 16.347054046239702,
    "PM2.5_current": 8.068488229754694,
    "PM2.5_lag_8h": 8.074793198670147,
    "PM2.5_lag_24h": 8.081488394512018,
    "PM2.5_lag_48h": 8.093149215959397,
    "PM2.5_lag_168h": 8.259760029413453,
    "PM2.5_rolling_24h": 8.075967617952326,
    "PM2.5_rolling_7d": 8.144476958159267,
    "hour_sin": -0.0036804577767114966,
    "hour_cos": 0.0026590196639992352,
    "dow_sin": -0.012667995578864985,
    "dow_cos": 0.00045854537661044415,
    "month_sin": -0.04436131443386101,
    "month_cos": -0.014348628568671001
  },
  "feature_stds": {
    "SO2_current": 1.4309276641305888,
    "NO2_current": 14.312238377823231,
    "O3_current": 22.14328750813613,
    "PM10_current": 10.437860468579816,
    "PM2.5_current": 6.3539394797584885,
    "PM2.5_lag_8h": 6.353166807696515,
    "PM2.5_lag_24h": 6.353542039033671,
    "PM2.5_lag_48h": 6.358338283497906,
    "PM2.5_lag_168h": 6.365777539244786,
    "PM2.5_rolling_24h": 6.20803592218228,
    "PM2.5_rolling_7d": 5.149807643965192,
    "hour_sin": 0.7064717343705829,
    "hour_cos": 0.7077586813656652,
    "dow_sin": 0.7074135258234733,
    "dow_cos": 0.7067182518032002,
    "month_sin": 0.7219366321654114,
    "month_cos": 0.6904193442755459
  },
  "model_type": "ridge_numpy",
  "station": "València - Pista de Silla",
  "pollutant": "PM2.5",
  "horizon_hours": 24,
  "target_window_hours": 24,
  "alpha": 5.0,
  "feature_names": [
    "SO2_current",
    "NO2_current",
    "O3_current",
    "PM10_current",
    "PM2.5_current",
    "PM2.5_lag_8h",
    "PM2.5_lag_24h",
    "PM2.5_lag_48h",
    "PM2.5_lag_168h",
    "PM2.5_rolling_24h",
    "PM2.5_rolling_7d",
    "hour_sin",
    "hour_cos",
    "dow_sin",
    "dow_cos",
    "month_sin",
    "month_cos"
  ],
  "trained_at_utc": "2026-06-23T02:31:40+00:00",
  "source_file": "data/time/filtrado_València - Pista de Silla.csv",
  "source_start": "2019-01-01 00:00:00",
  "source_end": "2025-01-31 23:00:00",
  "train_start": "2022-02-01 23:00:00",
  "train_end": "2024-12-17 15:00:00",
  "test_start": "2025-01-03 12:00:00",
  "test_end": "2025-01-30 23:00:00",
  "train_rows": 22086,
  "test_rows": 656,
  "metrics": {
    "mae": 3.3505538598140463,
    "rmse": 4.734309268090796,
    "r2": 0.39999231983881733
  },
  "baseline_metrics": {
    "mae": 3.5860030246794556,
    "rmse": 5.482715095684474,
    "r2": 0.19529830253347769
  },
  "beats_baseline_mae": true
}