{
  "intercept": 9.390333872652862,
  "coefficients": [
    -0.014840530428308825,
    0.670559662205464,
    0.2791614536196612,
    -1.0861599013864642,
    11.207145287128547,
    -3.763963450457471,
    1.7607448032629263,
    0.1572884055783933,
    -0.045771867417163783,
    -2.317988027588349,
    0.107145060989649,
    0.123459149138208,
    -0.07838769499090828,
    -0.07647246420859072,
    0.014065916275349796,
    0.05316049564227926,
    0.2814347426592245
  ],
  "feature_means": {
    "SO2_current": 3.481851686397141,
    "NO2_current": 16.507035961581416,
    "O3_current": 54.196877293468205,
    "PM10_current": 13.492190003635196,
    "PM2.5_current": 9.351768194176282,
    "PM2.5_lag_8h": 9.3293260879325,
    "PM2.5_lag_24h": 9.300865275565286,
    "PM2.5_lag_48h": 9.265204052712209,
    "PM2.5_lag_168h": 9.19534571415836,
    "PM2.5_rolling_24h": 9.324014135612396,
    "PM2.5_rolling_7d": 9.218465025448745,
    "hour_sin": -0.0006525520540232977,
    "hour_cos": 0.0006781438461489478,
    "dow_sin": -0.02073967602889926,
    "dow_cos": -0.007404143561181272,
    "month_sin": 0.042445319304421095,
    "month_cos": -0.03545445606650133
  },
  "feature_stds": {
    "SO2_current": 0.9950203203903731,
    "NO2_current": 12.817973611488883,
    "O3_current": 23.75057601742927,
    "PM10_current": 9.283608524908766,
    "PM2.5_current": 7.525302721865632,
    "PM2.5_lag_8h": 7.502886614677162,
    "PM2.5_lag_24h": 7.493547291179765,
    "PM2.5_lag_48h": 7.461786543894647,
    "PM2.5_lag_168h": 6.792843476233835,
    "PM2.5_rolling_24h": 7.325779953463651,
    "PM2.5_rolling_7d": 5.743591473764489,
    "hour_sin": 0.7068815160560058,
    "hour_cos": 0.7073708225457052,
    "dow_sin": 0.7070500392921132,
    "dow_cos": 0.7068600310066382,
    "month_sin": 0.6986347509101994,
    "month_cos": 0.7133768530812984
  },
  "model_type": "ridge_numpy",
  "station": "València - Molí del Sol",
  "pollutant": "PM2.5",
  "horizon_hours": 24,
  "target_window_hours": 24,
  "alpha": 5.0,
  "feature_names": [
    "SO2_current",
    "NO2_current",
    "O3_current",
    "PM10_current",
    "PM2.5_current",
    "PM2.5_lag_8h",
    "PM2.5_lag_24h",
    "PM2.5_lag_48h",
    "PM2.5_lag_168h",
    "PM2.5_rolling_24h",
    "PM2.5_rolling_7d",
    "hour_sin",
    "hour_cos",
    "dow_sin",
    "dow_cos",
    "month_sin",
    "month_cos"
  ],
  "trained_at_utc": "2026-06-23T02:31:40+00:00",
  "source_file": "data/time/filtrado_València - Molí del Sol.csv",
  "source_start": "2019-01-01 00:00:00",
  "source_end": "2025-01-31 23:00:00",
  "train_start": "2022-02-01 23:00:00",
  "train_end": "2024-12-22 17:00:00",
  "test_start": "2025-01-11 02:00:00",
  "test_end": "2025-01-30 23:00:00",
  "train_rows": 17908,
  "test_rows": 337,
  "metrics": {
    "mae": 2.357975711723025,
    "rmse": 3.457532389129325,
    "r2": 0.18551245172146835
  },
  "baseline_metrics": {
    "mae": 2.4875431518122784,
    "rmse": 3.8614450738710566,
    "r2": -0.015901632992199044
  },
  "beats_baseline_mae": true
}