{
  "intercept": 16.315947021670457,
  "coefficients": [
    0.07943465661783523,
    0.32365135473062673,
    -0.058053582319752474,
    14.555217572145724,
    0.6910283309810968,
    1.1888828906081044,
    4.801700218235357,
    -0.1957678235289655,
    0.0719099918671436,
    -11.00341277689551,
    0.058264601674877015,
    0.02989372663293362,
    0.07508788841432809,
    0.31503962732487234,
    0.07430569153245639,
    -0.04380340425133745,
    0.2690043046497175
  ],
  "feature_means": {
    "SO2_current": 3.6807841021490875,
    "NO2_current": 17.363501483679524,
    "O3_current": 51.02974638286211,
    "PM10_current": 16.32913706897818,
    "PM2.5_current": 8.074946297401542,
    "PM10_lag_8h": 16.344897651182873,
    "PM10_lag_24h": 16.32551415745529,
    "PM10_lag_48h": 16.35255928977126,
    "PM10_lag_168h": 16.445185167378064,
    "PM10_rolling_24h": 16.33781819773615,
    "PM10_rolling_7d": 16.36919995518489,
    "hour_sin": -0.003888344892109885,
    "hour_cos": 0.003132007893987188,
    "dow_sin": -0.010469442937739841,
    "dow_cos": 0.0013876370451829617,
    "month_sin": -0.04305148717134934,
    "month_cos": -0.015280773030211676
  },
  "feature_stds": {
    "SO2_current": 1.4339396939768154,
    "NO2_current": 14.382401499336149,
    "O3_current": 22.19529066896251,
    "PM10_current": 10.415900013622888,
    "PM2.5_current": 6.349314551621718,
    "PM10_lag_8h": 10.421228980029195,
    "PM10_lag_24h": 10.349643756798782,
    "PM10_lag_48h": 10.379429870862339,
    "PM10_lag_168h": 10.24158566277578,
    "PM10_rolling_24h": 9.933820082493288,
    "PM10_rolling_7d": 7.546859629254889,
    "hour_sin": 0.7066313964859587,
    "hour_cos": 0.7075960017461442,
    "dow_sin": 0.7073293287523653,
    "dow_cos": 0.7068370695620495,
    "month_sin": 0.721038734781203,
    "month_cos": 0.6914196110520819
  },
  "model_type": "ridge_numpy",
  "station": "València - Pista de Silla",
  "pollutant": "PM10",
  "horizon_hours": 8,
  "target_window_hours": 24,
  "alpha": 5.0,
  "feature_names": [
    "SO2_current",
    "NO2_current",
    "O3_current",
    "PM10_current",
    "PM2.5_current",
    "PM10_lag_8h",
    "PM10_lag_24h",
    "PM10_lag_48h",
    "PM10_lag_168h",
    "PM10_rolling_24h",
    "PM10_rolling_7d",
    "hour_sin",
    "hour_cos",
    "dow_sin",
    "dow_cos",
    "month_sin",
    "month_cos"
  ],
  "trained_at_utc": "2026-06-23T02:31:40+00:00",
  "source_file": "data/time/filtrado_València - Pista de Silla.csv",
  "source_start": "2019-01-01 00:00:00",
  "source_end": "2025-01-31 23:00:00",
  "train_start": "2022-02-01 23:00:00",
  "train_end": "2024-12-18 07:00:00",
  "test_start": "2025-01-03 12:00:00",
  "test_end": "2025-01-31 15:00:00",
  "train_rows": 22242,
  "test_rows": 672,
  "metrics": {
    "mae": 1.5561821438398502,
    "rmse": 2.1259837980992016,
    "r2": 0.9017770919984978
  },
  "baseline_metrics": {
    "mae": 1.5832367737938393,
    "rmse": 2.47442315810877,
    "r2": 0.8669420494244053
  },
  "beats_baseline_mae": true
}