{
  "intercept": 15.052863196321374,
  "coefficients": [
    0.02551720681603304,
    0.29477490520028554,
    -0.09485368644897979,
    11.320307321781195,
    0.6665461760268526,
    0.22503217435000447,
    3.3366416683456976,
    -0.25170586432792913,
    -0.04762203686838196,
    -7.746690992825652,
    0.1860723168081489,
    -0.07809194632853984,
    0.015423875936530248,
    0.16855901346787422,
    0.0030055301715270276,
    0.004203450327024901,
    -0.10268180889431781
  ],
  "feature_means": {
    "SO2_current": 3.3478673933696683,
    "NO2_current": 11.263763188159407,
    "O3_current": 54.65471487860107,
    "PM10_current": 15.033751362310802,
    "PM2.5_current": 9.990430647944443,
    "PM10_lag_8h": 15.029403546778594,
    "PM10_lag_24h": 15.041138652146763,
    "PM10_lag_48h": 15.106399251398539,
    "PM10_lag_168h": 15.098147409409496,
    "PM10_rolling_24h": 15.031884743936798,
    "PM10_rolling_7d": 15.094072974803987,
    "hour_sin": 0.00029402167051662236,
    "hour_cos": 0.004705048676965488,
    "dow_sin": -0.01201997894284399,
    "dow_cos": 0.009620849806456212,
    "month_sin": 0.011846015289909294,
    "month_cos": -0.0515949098689525
  },
  "feature_stds": {
    "SO2_current": 0.7319821767003033,
    "NO2_current": 12.00631074097728,
    "O3_current": 23.367063164771782,
    "PM10_current": 7.9133327243095035,
    "PM2.5_current": 6.280956271400049,
    "PM10_lag_8h": 7.9102426677655275,
    "PM10_lag_24h": 7.924869080210424,
    "PM10_lag_48h": 8.090464290921183,
    "PM10_lag_168h": 7.993211016359825,
    "PM10_rolling_24h": 7.666672737439338,
    "PM10_rolling_7d": 6.145738531927468,
    "hour_sin": 0.7075184290915815,
    "hour_cos": 0.7067145480695913,
    "dow_sin": 0.7077466122282517,
    "dow_cos": 0.7063339758088818,
    "month_sin": 0.7271090342534923,
    "month_cos": 0.6845143931085396
  },
  "model_type": "ridge_numpy",
  "station": "València - Politècnic",
  "pollutant": "PM10",
  "horizon_hours": 8,
  "target_window_hours": 24,
  "alpha": 5.0,
  "feature_names": [
    "SO2_current",
    "NO2_current",
    "O3_current",
    "PM10_current",
    "PM2.5_current",
    "PM10_lag_8h",
    "PM10_lag_24h",
    "PM10_lag_48h",
    "PM10_lag_168h",
    "PM10_rolling_24h",
    "PM10_rolling_7d",
    "hour_sin",
    "hour_cos",
    "dow_sin",
    "dow_cos",
    "month_sin",
    "month_cos"
  ],
  "trained_at_utc": "2026-06-23T02:31:40+00:00",
  "source_file": "data/time/filtrado_València - Politècnic.csv",
  "source_start": "2019-01-01 00:00:00",
  "source_end": "2025-01-31 23:00:00",
  "train_start": "2022-02-02 01:00:00",
  "train_end": "2024-12-31 22:00:00",
  "test_start": "2024-12-31 23:00:00",
  "test_end": "2025-01-31 15:00:00",
  "train_rows": 19999,
  "test_rows": 726,
  "metrics": {
    "mae": 1.6947871641751044,
    "rmse": 2.3331116992738754,
    "r2": 0.8948646103835428
  },
  "baseline_metrics": {
    "mae": 2.1300712776862616,
    "rmse": 2.9850355593721445,
    "r2": 0.827901579787119
  },
  "beats_baseline_mae": true
}