{
  "intercept": 19.641707850540563,
  "coefficients": [
    0.2560600285873157,
    0.9952829552147632,
    0.21507561164229722,
    10.882617132473426,
    1.6277069993384712,
    -3.6612646861054667,
    2.2195466591801014,
    0.33588025652912046,
    0.5658037236004853,
    -2.5452528393877225,
    0.18756033792106266,
    0.021932795247968023,
    -0.06236515741256203,
    0.5649027297798584,
    0.48860989524484294,
    0.4627948730190978,
    -0.10231538498442236
  ],
  "feature_means": {
    "SO2_current": 3.4694475111601784,
    "NO2_current": 14.317381078097249,
    "O3_current": 53.73068969103507,
    "PM10_current": 19.56039059338056,
    "PM2.5_current": 9.839603486871834,
    "PM10_lag_8h": 19.53242315901146,
    "PM10_lag_24h": 19.499508677139875,
    "PM10_lag_48h": 19.563591475438585,
    "PM10_lag_168h": 19.65653106099098,
    "PM10_rolling_24h": 19.523518708047778,
    "PM10_rolling_7d": 19.581864324238175,
    "hour_sin": -0.0030243369581913187,
    "hour_cos": 0.0003402898789984982,
    "dow_sin": -0.006522085858696281,
    "dow_cos": 0.001350282875247205,
    "month_sin": 0.09050165490457335,
    "month_cos": -0.04780029717393922
  },
  "feature_stds": {
    "SO2_current": 0.7711060984433744,
    "NO2_current": 13.32277113147741,
    "O3_current": 23.283320858952234,
    "PM10_current": 12.026633792774938,
    "PM2.5_current": 6.920432323602949,
    "PM10_lag_8h": 12.023829998905525,
    "PM10_lag_24h": 11.989490798495588,
    "PM10_lag_48h": 12.028226933910693,
    "PM10_lag_168h": 11.902387469190108,
    "PM10_rolling_24h": 11.584465530583952,
    "PM10_rolling_7d": 9.07385143766848,
    "hour_sin": 0.7068926827587596,
    "hour_cos": 0.7073481994594198,
    "dow_sin": 0.7089601143808759,
    "dow_cos": 0.7052511583059866,
    "month_sin": 0.694636928775032,
    "month_cos": 0.7120755714469716
  },
  "model_type": "ridge_numpy",
  "station": "València - Av. França",
  "pollutant": "PM10",
  "horizon_hours": 24,
  "target_window_hours": 24,
  "alpha": 5.0,
  "feature_names": [
    "SO2_current",
    "NO2_current",
    "O3_current",
    "PM10_current",
    "PM2.5_current",
    "PM10_lag_8h",
    "PM10_lag_24h",
    "PM10_lag_48h",
    "PM10_lag_168h",
    "PM10_rolling_24h",
    "PM10_rolling_7d",
    "hour_sin",
    "hour_cos",
    "dow_sin",
    "dow_cos",
    "month_sin",
    "month_cos"
  ],
  "trained_at_utc": "2026-06-23T02:31:40+00:00",
  "source_file": "data/time/filtrado_València - Av. França.csv",
  "source_start": "2019-01-01 00:00:00",
  "source_end": "2025-01-31 23:00:00",
  "train_start": "2022-02-01 23:00:00",
  "train_end": "2024-12-31 22:00:00",
  "test_start": "2024-12-31 23:00:00",
  "test_end": "2025-01-30 23:00:00",
  "train_rows": 20833,
  "test_rows": 706,
  "metrics": {
    "mae": 7.933838746579642,
    "rmse": 10.681893745087235,
    "r2": 0.4198839123833854
  },
  "baseline_metrics": {
    "mae": 8.488805419546583,
    "rmse": 12.484725328218259,
    "r2": 0.2075417589100894
  },
  "beats_baseline_mae": true
}