{
  "intercept": 13.479190392715292,
  "coefficients": [
    -0.10504103095311161,
    1.0060473966022248,
    0.16615596025602639,
    8.963296820869719,
    1.7131633088712213,
    -3.69255828442599,
    2.1170738491747865,
    0.3608270080628181,
    0.01621051211149861,
    -2.1817752169508253,
    -0.06941921168721601,
    0.08074888974683765,
    -0.08418677992770851,
    -0.024472167393425424,
    0.21061287324304376,
    0.13170742507763447,
    0.2715078555257644
  ],
  "feature_means": {
    "SO2_current": 3.481851686397141,
    "NO2_current": 16.507035961581416,
    "O3_current": 54.196877293468205,
    "PM10_current": 13.492190003635196,
    "PM2.5_current": 9.351768194176282,
    "PM10_lag_8h": 13.480942157478863,
    "PM10_lag_24h": 13.469167100362965,
    "PM10_lag_48h": 13.460283979123812,
    "PM10_lag_168h": 13.435739331361836,
    "PM10_rolling_24h": 13.479361761733397,
    "PM10_rolling_7d": 13.418356193432853,
    "hour_sin": -0.0006525520540232977,
    "hour_cos": 0.0006781438461489478,
    "dow_sin": -0.02073967602889926,
    "dow_cos": -0.007404143561181272,
    "month_sin": 0.042445319304421095,
    "month_cos": -0.03545445606650133
  },
  "feature_stds": {
    "SO2_current": 0.9950203203903731,
    "NO2_current": 12.817973611488883,
    "O3_current": 23.75057601742927,
    "PM10_current": 9.283608524908766,
    "PM2.5_current": 7.525302721865632,
    "PM10_lag_8h": 9.267264872514282,
    "PM10_lag_24h": 9.256182916934716,
    "PM10_lag_48h": 9.226159443920581,
    "PM10_lag_168h": 8.582392304010453,
    "PM10_rolling_24h": 8.980136345869406,
    "PM10_rolling_7d": 6.8380487001483266,
    "hour_sin": 0.7068815160560058,
    "hour_cos": 0.7073708225457052,
    "dow_sin": 0.7070500392921132,
    "dow_cos": 0.7068600310066382,
    "month_sin": 0.6986347509101994,
    "month_cos": 0.7133768530812984
  },
  "model_type": "ridge_numpy",
  "station": "València - Molí del Sol",
  "pollutant": "PM10",
  "horizon_hours": 24,
  "target_window_hours": 24,
  "alpha": 5.0,
  "feature_names": [
    "SO2_current",
    "NO2_current",
    "O3_current",
    "PM10_current",
    "PM2.5_current",
    "PM10_lag_8h",
    "PM10_lag_24h",
    "PM10_lag_48h",
    "PM10_lag_168h",
    "PM10_rolling_24h",
    "PM10_rolling_7d",
    "hour_sin",
    "hour_cos",
    "dow_sin",
    "dow_cos",
    "month_sin",
    "month_cos"
  ],
  "trained_at_utc": "2026-06-23T02:31:40+00:00",
  "source_file": "data/time/filtrado_València - Molí del Sol.csv",
  "source_start": "2019-01-01 00:00:00",
  "source_end": "2025-01-31 23:00:00",
  "train_start": "2022-02-01 23:00:00",
  "train_end": "2024-12-22 17:00:00",
  "test_start": "2025-01-11 02:00:00",
  "test_end": "2025-01-30 23:00:00",
  "train_rows": 17908,
  "test_rows": 337,
  "metrics": {
    "mae": 4.176668071102006,
    "rmse": 5.595111898891389,
    "r2": -0.10809998689974609
  },
  "baseline_metrics": {
    "mae": 4.805377018801093,
    "rmse": 6.7361001314493025,
    "r2": -0.6061217567297452
  },
  "beats_baseline_mae": true
}