{
  "intercept": 13.50107380995603,
  "coefficients": [
    -0.04718201608549867,
    0.49047800521812346,
    0.050500620923443804,
    13.698715928897927,
    0.585281797004468,
    0.09331954996002138,
    4.071280240084123,
    -0.29751915159098496,
    -0.05977460210502465,
    -9.211462908370212,
    0.09133985439673623,
    0.011413601510826947,
    -0.041026336095801905,
    0.01662432850718571,
    0.024904984239546058,
    0.003608231438137079,
    0.027240903539922562
  ],
  "feature_means": {
    "SO2_current": 3.482974861103471,
    "NO2_current": 16.496616975631223,
    "O3_current": 54.18799655017956,
    "PM10_current": 13.508014969573196,
    "PM2.5_current": 9.365538256210398,
    "PM10_lag_8h": 13.498607385703027,
    "PM10_lag_24h": 13.500933463518345,
    "PM10_lag_48h": 13.471541450380986,
    "PM10_lag_168h": 13.45518356533923,
    "PM10_rolling_24h": 13.502143026921226,
    "PM10_rolling_7d": 13.447346568694412,
    "hour_sin": -0.001572017665514365,
    "hour_cos": 0.0025090178997598427,
    "dow_sin": -0.02026221877480861,
    "dow_cos": -0.00524848495664124,
    "month_sin": 0.04109852115023051,
    "month_cos": -0.03322066116061974
  },
  "feature_stds": {
    "SO2_current": 0.9955197446968785,
    "NO2_current": 12.846561289920732,
    "O3_current": 23.720879371418192,
    "PM10_current": 9.307237626870082,
    "PM2.5_current": 7.536834479540489,
    "PM10_lag_8h": 9.288216441132517,
    "PM10_lag_24h": 9.306173109863325,
    "PM10_lag_48h": 9.249585914057787,
    "PM10_lag_168h": 8.605502706841493,
    "PM10_rolling_24h": 9.00969413465645,
    "PM10_rolling_7d": 6.901622002360711,
    "hour_sin": 0.7071562614728806,
    "hour_cos": 0.7070899988824213,
    "dow_sin": 0.7072656303238288,
    "dow_cos": 0.706676879139454,
    "month_sin": 0.6991379120532806,
    "month_cos": 0.7130696579457234
  },
  "model_type": "ridge_numpy",
  "station": "València - Molí del Sol",
  "pollutant": "PM10",
  "horizon_hours": 8,
  "target_window_hours": 24,
  "alpha": 5.0,
  "feature_names": [
    "SO2_current",
    "NO2_current",
    "O3_current",
    "PM10_current",
    "PM2.5_current",
    "PM10_lag_8h",
    "PM10_lag_24h",
    "PM10_lag_48h",
    "PM10_lag_168h",
    "PM10_rolling_24h",
    "PM10_rolling_7d",
    "hour_sin",
    "hour_cos",
    "dow_sin",
    "dow_cos",
    "month_sin",
    "month_cos"
  ],
  "trained_at_utc": "2026-06-23T02:31:40+00:00",
  "source_file": "data/time/filtrado_València - Molí del Sol.csv",
  "source_start": "2019-01-01 00:00:00",
  "source_end": "2025-01-31 23:00:00",
  "train_start": "2022-02-01 23:00:00",
  "train_end": "2024-12-23 09:00:00",
  "test_start": "2025-01-11 02:00:00",
  "test_end": "2025-01-31 15:00:00",
  "train_rows": 18179,
  "test_rows": 353,
  "metrics": {
    "mae": 1.5303420611194556,
    "rmse": 2.107996411392269,
    "r2": 0.8545238888583204
  },
  "baseline_metrics": {
    "mae": 1.978677494242835,
    "rmse": 2.885859455393626,
    "r2": 0.727352009045648
  },
  "beats_baseline_mae": true
}