{
  "intercept": 16.318843944320164,
  "coefficients": [
    0.2464756768234227,
    0.6773786215719714,
    0.01663392334785252,
    6.836886024621787,
    2.478023987467783,
    -2.5987456060426273,
    1.8298562648553607,
    0.5387347500819241,
    0.45529367026277473,
    -2.0085503502257653,
    0.22544252783240978,
    0.09416015923070833,
    0.12408023035128637,
    0.8517251099561021,
    0.5539257813254541,
    -0.08500559834891394,
    1.1861934444404307
  ],
  "feature_means": {
    "SO2_current": 3.6771710585891517,
    "NO2_current": 17.30539708412569,
    "O3_current": 51.09519012259437,
    "PM10_current": 16.347054046239702,
    "PM2.5_current": 8.068488229754694,
    "PM10_lag_8h": 16.36349528945088,
    "PM10_lag_24h": 16.350158852779543,
    "PM10_lag_48h": 16.373381142957342,
    "PM10_lag_168h": 16.44189559993189,
    "PM10_rolling_24h": 16.35787451408404,
    "PM10_rolling_7d": 16.39711270657029,
    "hour_sin": -0.0036804577767114966,
    "hour_cos": 0.0026590196639992352,
    "dow_sin": -0.012667995578864985,
    "dow_cos": 0.00045854537661044415,
    "month_sin": -0.04436131443386101,
    "month_cos": -0.014348628568671001
  },
  "feature_stds": {
    "SO2_current": 1.4309276641305888,
    "NO2_current": 14.312238377823231,
    "O3_current": 22.14328750813613,
    "PM10_current": 10.437860468579816,
    "PM2.5_current": 6.3539394797584885,
    "PM10_lag_8h": 10.44213121967859,
    "PM10_lag_24h": 10.371041882710584,
    "PM10_lag_48h": 10.390739598690912,
    "PM10_lag_168h": 10.218797950797224,
    "PM10_rolling_24h": 9.952901653150441,
    "PM10_rolling_7d": 7.552117528157196,
    "hour_sin": 0.7064717343705829,
    "hour_cos": 0.7077586813656652,
    "dow_sin": 0.7074135258234733,
    "dow_cos": 0.7067182518032002,
    "month_sin": 0.7219366321654114,
    "month_cos": 0.6904193442755459
  },
  "model_type": "ridge_numpy",
  "station": "València - Pista de Silla",
  "pollutant": "PM10",
  "horizon_hours": 24,
  "target_window_hours": 24,
  "alpha": 5.0,
  "feature_names": [
    "SO2_current",
    "NO2_current",
    "O3_current",
    "PM10_current",
    "PM2.5_current",
    "PM10_lag_8h",
    "PM10_lag_24h",
    "PM10_lag_48h",
    "PM10_lag_168h",
    "PM10_rolling_24h",
    "PM10_rolling_7d",
    "hour_sin",
    "hour_cos",
    "dow_sin",
    "dow_cos",
    "month_sin",
    "month_cos"
  ],
  "trained_at_utc": "2026-06-23T02:31:40+00:00",
  "source_file": "data/time/filtrado_València - Pista de Silla.csv",
  "source_start": "2019-01-01 00:00:00",
  "source_end": "2025-01-31 23:00:00",
  "train_start": "2022-02-01 23:00:00",
  "train_end": "2024-12-17 15:00:00",
  "test_start": "2025-01-03 12:00:00",
  "test_end": "2025-01-30 23:00:00",
  "train_rows": 22086,
  "test_rows": 656,
  "metrics": {
    "mae": 5.304080772902986,
    "rmse": 6.768837331904945,
    "r2": 0.02422753793616339
  },
  "baseline_metrics": {
    "mae": 3.9604820909251583,
    "rmse": 6.002825403782448,
    "r2": 0.2325822739914587
  },
  "beats_baseline_mae": false
}