{
  "intercept": 3.4783128600934887,
  "coefficients": [
    0.04391111791410227,
    -0.043298449215198334,
    -0.046375386879624766,
    -0.04367859366236222,
    0.028992397791466472,
    -0.12239893408852896,
    -0.11126257056143124,
    -0.043041111042558866,
    -0.047637119610453686,
    0.5883065872987082,
    0.24647670092231194,
    0.025821454917482875,
    0.053074376180036825,
    0.028767261309851612,
    0.020305407633169823,
    -0.0013014001370543215,
    -0.014553463818861155
  ],
  "feature_means": {
    "SO2_current": 3.4805957169257526,
    "NO2_current": 16.496032177410587,
    "O3_current": 54.66355103297977,
    "PM10_current": 13.839150742630354,
    "PM2.5_current": 9.463375891684699,
    "SO2_lag_8h": 3.477878030220676,
    "SO2_lag_24h": 3.4679856506141973,
    "SO2_lag_48h": 3.4627133384063487,
    "SO2_lag_168h": 3.4611914338515057,
    "SO2_rolling_24h": 3.4737889786720086,
    "SO2_rolling_7d": 3.4640862039059463,
    "hour_sin": -0.009957430568976142,
    "hour_cos": 0.005555802688859351,
    "dow_sin": -0.015804001619556855,
    "dow_cos": 0.0050091902471978925,
    "month_sin": 0.03847860633765863,
    "month_cos": -0.062437128394935495
  },
  "feature_stds": {
    "SO2_current": 1.0036237183718868,
    "NO2_current": 12.85932941953085,
    "O3_current": 23.691274636869124,
    "PM10_current": 9.38755390675763,
    "PM2.5_current": 7.557753004326052,
    "SO2_lag_8h": 1.0014528870041939,
    "SO2_lag_24h": 0.9839347564483056,
    "SO2_lag_48h": 0.9740315023209983,
    "SO2_lag_168h": 1.006685017443156,
    "SO2_rolling_24h": 0.7260122693391514,
    "SO2_rolling_7d": 0.62210413337965,
    "hour_sin": 0.706946398632593,
    "hour_cos": 0.707213632302628,
    "dow_sin": 0.7078570934844685,
    "dow_cos": 0.7061995599671572,
    "month_sin": 0.7055680467496908,
    "month_cos": 0.7048750226544424
  },
  "model_type": "ridge_numpy",
  "station": "València - Molí del Sol",
  "pollutant": "SO2",
  "horizon_hours": 8,
  "target_window_hours": 1,
  "alpha": 5.0,
  "feature_names": [
    "SO2_current",
    "NO2_current",
    "O3_current",
    "PM10_current",
    "PM2.5_current",
    "SO2_lag_8h",
    "SO2_lag_24h",
    "SO2_lag_48h",
    "SO2_lag_168h",
    "SO2_rolling_24h",
    "SO2_rolling_7d",
    "hour_sin",
    "hour_cos",
    "dow_sin",
    "dow_cos",
    "month_sin",
    "month_cos"
  ],
  "trained_at_utc": "2026-06-23T02:31:40+00:00",
  "source_file": "data/time/filtrado_València - Molí del Sol.csv",
  "source_start": "2019-01-01 00:00:00",
  "source_end": "2025-01-31 23:00:00",
  "train_start": "2022-02-01 23:00:00",
  "train_end": "2024-12-23 03:00:00",
  "test_start": "2025-01-10 10:00:00",
  "test_end": "2025-01-31 15:00:00",
  "train_rows": 18398,
  "test_rows": 359,
  "metrics": {
    "mae": 0.38209530826989857,
    "rmse": 0.5009708485608433,
    "r2": 0.6316086716730749
  },
  "baseline_metrics": {
    "mae": 0.1894150417827298,
    "rmse": 0.4478360225172455,
    "r2": 0.7056103505614907
  },
  "beats_baseline_mae": false
}