{
  "intercept": 3.4807776801405974,
  "coefficients": [
    0.31878559144011326,
    -0.01585954180210431,
    0.00015067207233829749,
    -0.07015225109887918,
    0.0538346454677396,
    -0.015625879578409513,
    0.08996417344393721,
    0.1104865746493554,
    0.0764823766375664,
    0.10289136287335812,
    0.10045514123890198,
    0.0121982162509739,
    -0.03167078507606233,
    0.00744185606711152,
    0.05369066315984405,
    -0.015763054680131613,
    0.0037939996201281933
  ],
  "feature_means": {
    "SO2_current": 3.4719354130052724,
    "NO2_current": 16.44079525483304,
    "O3_current": 54.802111774520874,
    "PM10_current": 13.844616805335423,
    "PM2.5_current": 9.45681298085165,
    "SO2_lag_8h": 3.4729239894551847,
    "SO2_lag_24h": 3.4627086994727594,
    "SO2_lag_48h": 3.4568321616871707,
    "SO2_lag_168h": 3.4526032513181018,
    "SO2_rolling_24h": 3.4687160650888935,
    "SO2_rolling_7d": 3.4597350489595216,
    "hour_sin": -0.011603410522402593,
    "hour_cos": 0.013045883212900457,
    "dow_sin": -0.015164616692515695,
    "dow_cos": 0.003269000455904213,
    "month_sin": 0.03959948789606745,
    "month_cos": -0.0660106262185793
  },
  "feature_stds": {
    "SO2_current": 0.9879723483061067,
    "NO2_current": 12.782977919258254,
    "O3_current": 23.656209611789034,
    "PM10_current": 9.416752818780338,
    "PM2.5_current": 7.572998810526536,
    "SO2_lag_8h": 0.9992211919453113,
    "SO2_lag_24h": 0.9733833280695172,
    "SO2_lag_48h": 0.9677637673816244,
    "SO2_lag_168h": 0.9947159953203601,
    "SO2_rolling_24h": 0.7205300775421345,
    "SO2_rolling_7d": 0.6193463454855036,
    "hour_sin": 0.7062145250325983,
    "hour_cos": 0.7078213882160609,
    "dow_sin": 0.7075317278588916,
    "dow_cos": 0.7065501488376065,
    "month_sin": 0.7058511384791628,
    "month_cos": 0.7042039807966585
  },
  "model_type": "ridge_numpy",
  "station": "València - Molí del Sol",
  "pollutant": "SO2",
  "horizon_hours": 24,
  "target_window_hours": 1,
  "alpha": 5.0,
  "feature_names": [
    "SO2_current",
    "NO2_current",
    "O3_current",
    "PM10_current",
    "PM2.5_current",
    "SO2_lag_8h",
    "SO2_lag_24h",
    "SO2_lag_48h",
    "SO2_lag_168h",
    "SO2_rolling_24h",
    "SO2_rolling_7d",
    "hour_sin",
    "hour_cos",
    "dow_sin",
    "dow_cos",
    "month_sin",
    "month_cos"
  ],
  "trained_at_utc": "2026-06-23T02:31:40+00:00",
  "source_file": "data/time/filtrado_València - Molí del Sol.csv",
  "source_start": "2019-01-01 00:00:00",
  "source_end": "2025-01-31 23:00:00",
  "train_start": "2022-02-01 23:00:00",
  "train_end": "2024-12-22 11:00:00",
  "test_start": "2025-01-10 10:00:00",
  "test_end": "2025-01-30 23:00:00",
  "train_rows": 18208,
  "test_rows": 345,
  "metrics": {
    "mae": 0.5094672910103021,
    "rmse": 0.6293216637509127,
    "r2": 0.3984259039893895
  },
  "baseline_metrics": {
    "mae": 0.32463768115942027,
    "rmse": 0.5848324422492706,
    "r2": 0.48047473200612567
  },
  "beats_baseline_mae": false
}