{
  "intercept": 19.61674444344598,
  "coefficients": [
    0.05001118349935173,
    0.5225397858395452,
    -0.015167207457466655,
    17.200890962408515,
    0.46669811989098825,
    0.47221003405388917,
    4.869951328294381,
    -0.1607833174725013,
    0.15079149515461465,
    -11.175295224402912,
    -0.0310114649800586,
    -0.03949722213423808,
    -0.007575784179014831,
    0.26518680459460486,
    0.04439059198885917,
    0.15821057384866039,
    -0.16906715156623014
  ],
  "feature_means": {
    "SO2_current": 3.4686666666666666,
    "NO2_current": 14.335714285714285,
    "O3_current": 53.640783163265304,
    "PM10_current": 19.57920466961604,
    "PM2.5_current": 9.847971516917331,
    "PM10_lag_8h": 19.54194274669672,
    "PM10_lag_24h": 19.505427698198066,
    "PM10_lag_48h": 19.54993125771562,
    "PM10_lag_168h": 19.63716850489751,
    "PM10_rolling_24h": 19.533786522326466,
    "PM10_rolling_7d": 19.56437969337724,
    "hour_sin": -0.0034989010244684737,
    "hour_cos": 0.00027306292440088225,
    "dow_sin": -0.006894520270965096,
    "dow_cos": 0.0012584822635866454,
    "month_sin": 0.08780872164064132,
    "month_cos": -0.04640274122004246
  },
  "feature_stds": {
    "SO2_current": 0.7693526830804254,
    "NO2_current": 13.321759292433722,
    "O3_current": 23.323585654279725,
    "PM10_current": 12.03189459031013,
    "PM2.5_current": 6.90806186488588,
    "PM10_lag_8h": 12.001552629213815,
    "PM10_lag_24h": 11.998511214650952,
    "PM10_lag_48h": 12.024521241376911,
    "PM10_lag_168h": 11.88855203278162,
    "PM10_rolling_24h": 11.567367002332146,
    "PM10_rolling_7d": 9.084791866874008,
    "hour_sin": 0.7069689755490352,
    "hour_cos": 0.7072695182659933,
    "dow_sin": 0.7094274946855667,
    "dow_cos": 0.7047773624153155,
    "month_sin": 0.6947272449510377,
    "month_cos": 0.7124167465269985
  },
  "model_type": "ridge_numpy",
  "station": "València - Av. França",
  "pollutant": "PM10",
  "horizon_hours": 8,
  "target_window_hours": 24,
  "alpha": 5.0,
  "feature_names": [
    "SO2_current",
    "NO2_current",
    "O3_current",
    "PM10_current",
    "PM2.5_current",
    "PM10_lag_8h",
    "PM10_lag_24h",
    "PM10_lag_48h",
    "PM10_lag_168h",
    "PM10_rolling_24h",
    "PM10_rolling_7d",
    "hour_sin",
    "hour_cos",
    "dow_sin",
    "dow_cos",
    "month_sin",
    "month_cos"
  ],
  "trained_at_utc": "2026-06-23T02:31:40+00:00",
  "source_file": "data/time/filtrado_València - Av. França.csv",
  "source_start": "2019-01-01 00:00:00",
  "source_end": "2025-01-31 23:00:00",
  "train_start": "2022-02-01 23:00:00",
  "train_end": "2024-12-31 22:00:00",
  "test_start": "2024-12-31 23:00:00",
  "test_end": "2025-01-31 15:00:00",
  "train_rows": 21000,
  "test_rows": 722,
  "metrics": {
    "mae": 2.6324281551183653,
    "rmse": 3.72140861288139,
    "r2": 0.9291460342042372
  },
  "baseline_metrics": {
    "mae": 3.465811202126389,
    "rmse": 5.137875103007851,
    "r2": 0.8649431761960864
  },
  "beats_baseline_mae": true
}