{
  "intercept": 3.4642173567994026,
  "coefficients": [
    0.056505527243039755,
    -0.019247770968963577,
    -0.0014867867424018853,
    0.004523014303623796,
    -0.0032242782254530483,
    -0.1486792347346103,
    -0.09891476617934158,
    -0.04252238985441225,
    -0.050817771513039206,
    0.43068586814168097,
    0.19594734101103334,
    -0.08928719786699803,
    0.01964561385538149,
    0.00946748358433356,
    -0.0065544391004070685,
    0.011092683020208527,
    -0.01628161026089477
  ],
  "feature_means": {
    "SO2_current": 3.4541804771019096,
    "NO2_current": 14.22575976845152,
    "O3_current": 53.204328584988914,
    "PM10_current": 19.678534647170462,
    "PM2.5_current": 9.895856836820466,
    "SO2_lag_8h": 3.46253676298959,
    "SO2_lag_24h": 3.4549274076840484,
    "SO2_lag_48h": 3.455254189813734,
    "SO2_lag_168h": 3.46216329769852,
    "SO2_rolling_24h": 3.4601914024785163,
    "SO2_rolling_7d": 3.4635200902508667,
    "hour_sin": -0.00816273125777308,
    "hour_cos": 0.004325221847811791,
    "dow_sin": -0.0023879388155712165,
    "dow_cos": 0.0028049238006353488,
    "month_sin": 0.06334973104295967,
    "month_cos": -0.02743990803547388
  },
  "feature_stds": {
    "SO2_current": 0.7545157591009758,
    "NO2_current": 13.24664082951171,
    "O3_current": 23.335384970560064,
    "PM10_current": 12.049499907803,
    "PM2.5_current": 6.94543811901851,
    "SO2_lag_8h": 0.7691284842107465,
    "SO2_lag_24h": 0.7561676809568675,
    "SO2_lag_48h": 0.7579137769086427,
    "SO2_lag_168h": 0.7653375201423059,
    "SO2_rolling_24h": 0.5348816706977245,
    "SO2_rolling_7d": 0.45017968030253436,
    "hour_sin": 0.7053931938412322,
    "hour_cos": 0.7087889571047443,
    "dow_sin": 0.7090800931073281,
    "dow_cos": 0.7051514280045327,
    "month_sin": 0.6976696401168674,
    "month_cos": 0.7131180821681274
  },
  "model_type": "ridge_numpy",
  "station": "València - Av. França",
  "pollutant": "SO2",
  "horizon_hours": 8,
  "target_window_hours": 1,
  "alpha": 5.0,
  "feature_names": [
    "SO2_current",
    "NO2_current",
    "O3_current",
    "PM10_current",
    "PM2.5_current",
    "SO2_lag_8h",
    "SO2_lag_24h",
    "SO2_lag_48h",
    "SO2_lag_168h",
    "SO2_rolling_24h",
    "SO2_rolling_7d",
    "hour_sin",
    "hour_cos",
    "dow_sin",
    "dow_cos",
    "month_sin",
    "month_cos"
  ],
  "trained_at_utc": "2026-06-23T02:31:40+00:00",
  "source_file": "data/time/filtrado_València - Av. França.csv",
  "source_start": "2019-01-01 00:00:00",
  "source_end": "2025-01-31 23:00:00",
  "train_start": "2022-02-01 23:00:00",
  "train_end": "2024-12-31 22:00:00",
  "test_start": "2024-12-31 23:00:00",
  "test_end": "2025-01-31 15:00:00",
  "train_rows": 21421,
  "test_rows": 697,
  "metrics": {
    "mae": 0.2309692106664274,
    "rmse": 0.3983313542780039,
    "r2": -0.14094550308630938
  },
  "baseline_metrics": {
    "mae": 0.17360114777618366,
    "rmse": 0.5067691003705607,
    "r2": -0.846699230313795
  },
  "beats_baseline_mae": false
}