{
  "intercept": 10.039004304487495,
  "coefficients": [
    0.16521699107467203,
    0.4563195849944605,
    0.19072029097848792,
    -0.3589575253130508,
    8.851916407895565,
    -3.1496539588288224,
    1.198631951072326,
    0.05422689230093477,
    -0.2033849725499629,
    -1.7484431904886475,
    0.25137564064027396,
    0.02503425606203946,
    -0.05928272131689523,
    0.06394040892751869,
    0.06734755308654092,
    0.06871097234489884,
    -0.1658470367787756
  ],
  "feature_means": {
    "SO2_current": 3.34791192103265,
    "NO2_current": 11.249050873196659,
    "O3_current": 54.65264972098686,
    "PM10_current": 15.031850558368415,
    "PM2.5_current": 9.985701204259462,
    "PM2.5_lag_8h": 9.975254803822114,
    "PM2.5_lag_24h": 9.969445256487795,
    "PM2.5_lag_48h": 10.007189900756515,
    "PM2.5_lag_168h": 9.953028139686076,
    "PM2.5_rolling_24h": 9.973885737509868,
    "PM2.5_rolling_7d": 9.98758369281406,
    "hour_sin": 0.0011250741647523997,
    "hour_cos": 0.0043582198415369425,
    "dow_sin": -0.015486618396186213,
    "dow_cos": 0.00776803285608165,
    "month_sin": 0.017231022062245593,
    "month_cos": -0.04947847411129361
  },
  "feature_stds": {
    "SO2_current": 0.731693366847872,
    "NO2_current": 12.002608196069108,
    "O3_current": 23.3642130282358,
    "PM10_current": 7.933246983996749,
    "PM2.5_current": 6.298155214042274,
    "PM2.5_lag_8h": 6.29232144953666,
    "PM2.5_lag_24h": 6.288135671161375,
    "PM2.5_lag_48h": 6.364608519955304,
    "PM2.5_lag_168h": 6.303220464019545,
    "PM2.5_rolling_24h": 6.147717914189378,
    "PM2.5_rolling_7d": 5.001986356626578,
    "hour_sin": 0.7072734978052874,
    "hour_cos": 0.7069614989964376,
    "dow_sin": 0.7082726601365386,
    "dow_cos": 0.7057621898926674,
    "month_sin": 0.7261838944095763,
    "month_cos": 0.6855380424722759
  },
  "model_type": "ridge_numpy",
  "station": "València - Politècnic",
  "pollutant": "PM2.5",
  "horizon_hours": 24,
  "target_window_hours": 24,
  "alpha": 5.0,
  "feature_names": [
    "SO2_current",
    "NO2_current",
    "O3_current",
    "PM10_current",
    "PM2.5_current",
    "PM2.5_lag_8h",
    "PM2.5_lag_24h",
    "PM2.5_lag_48h",
    "PM2.5_lag_168h",
    "PM2.5_rolling_24h",
    "PM2.5_rolling_7d",
    "hour_sin",
    "hour_cos",
    "dow_sin",
    "dow_cos",
    "month_sin",
    "month_cos"
  ],
  "trained_at_utc": "2026-06-23T02:31:40+00:00",
  "source_file": "data/time/filtrado_València - Politècnic.csv",
  "source_start": "2019-01-01 00:00:00",
  "source_end": "2025-01-31 23:00:00",
  "train_start": "2022-02-02 01:00:00",
  "train_end": "2024-12-31 22:00:00",
  "test_start": "2024-12-31 23:00:00",
  "test_end": "2025-01-30 23:00:00",
  "train_rows": 19755,
  "test_rows": 710,
  "metrics": {
    "mae": 2.935255698449385,
    "rmse": 4.019372238124072,
    "r2": 0.4248357533764664
  },
  "baseline_metrics": {
    "mae": 3.2610214316200232,
    "rmse": 4.730135517235632,
    "r2": 0.20343248518443913
  },
  "beats_baseline_mae": true
}