{
  "intercept": 3.451136257364631,
  "coefficients": [
    0.18932608824741567,
    -0.0038196296192937215,
    0.05165337489572171,
    0.010023040863786513,
    -0.006651957137730354,
    -0.023775348927560162,
    0.10314238201833155,
    0.08108802526502575,
    0.035212211206398246,
    0.12385928005076417,
    0.026067773841365466,
    0.052431995387489425,
    0.019282564243264095,
    0.01013600910586262,
    0.0017318972396314046,
    0.022917736116095884,
    0.009511146552720303
  ],
  "feature_means": {
    "SO2_current": 3.4540821097914525,
    "NO2_current": 14.227298232488543,
    "O3_current": 53.252796667156524,
    "PM10_current": 19.675537216238304,
    "PM2.5_current": 9.90045488976863,
    "SO2_lag_8h": 3.463387262695221,
    "SO2_lag_24h": 3.4518376507995887,
    "SO2_lag_48h": 3.4544094267277656,
    "SO2_lag_168h": 3.4618441971383147,
    "SO2_rolling_24h": 3.4618037790002982,
    "SO2_rolling_7d": 3.465160391621605,
    "hour_sin": -0.012599362886921508,
    "hour_cos": 0.00807457677520797,
    "dow_sin": -0.0019252665113483505,
    "dow_cos": 0.0036606044788442533,
    "month_sin": 0.06272081235753449,
    "month_cos": -0.028306015517365418
  },
  "feature_stds": {
    "SO2_current": 0.7509454295722705,
    "NO2_current": 13.268346209794334,
    "O3_current": 23.33996452680895,
    "PM10_current": 12.041961859478999,
    "PM2.5_current": 6.95450337343507,
    "SO2_lag_8h": 0.7717793155948337,
    "SO2_lag_24h": 0.7501817340515635,
    "SO2_lag_48h": 0.7552497025571554,
    "SO2_lag_168h": 0.7637253142438705,
    "SO2_rolling_24h": 0.536244665134736,
    "SO2_rolling_7d": 0.45123783672611584,
    "hour_sin": 0.704191436895062,
    "hour_cos": 0.7098853631012747,
    "dow_sin": 0.7087791957811391,
    "dow_cos": 0.7054514199435479,
    "month_sin": 0.698117633674796,
    "month_cos": 0.7127013252835384
  },
  "model_type": "ridge_numpy",
  "station": "València - Av. França",
  "pollutant": "SO2",
  "horizon_hours": 24,
  "target_window_hours": 1,
  "alpha": 5.0,
  "feature_names": [
    "SO2_current",
    "NO2_current",
    "O3_current",
    "PM10_current",
    "PM2.5_current",
    "SO2_lag_8h",
    "SO2_lag_24h",
    "SO2_lag_48h",
    "SO2_lag_168h",
    "SO2_rolling_24h",
    "SO2_rolling_7d",
    "hour_sin",
    "hour_cos",
    "dow_sin",
    "dow_cos",
    "month_sin",
    "month_cos"
  ],
  "trained_at_utc": "2026-06-23T02:31:40+00:00",
  "source_file": "data/time/filtrado_València - Av. França.csv",
  "source_start": "2019-01-01 00:00:00",
  "source_end": "2025-01-31 23:00:00",
  "train_start": "2022-02-01 23:00:00",
  "train_end": "2024-12-31 22:00:00",
  "test_start": "2024-12-31 23:00:00",
  "test_end": "2025-01-30 23:00:00",
  "train_rows": 21386,
  "test_rows": 681,
  "metrics": {
    "mae": 0.23997366518401855,
    "rmse": 0.4015968635496743,
    "r2": -0.15400057097923092
  },
  "baseline_metrics": {
    "mae": 0.16740088105726872,
    "rmse": 0.5025631804729702,
    "r2": -0.8072021476841422
  },
  "beats_baseline_mae": false
}