{
  "intercept": 9.871287116063051,
  "coefficients": [
    -0.010534540570194465,
    0.24816996393081597,
    0.05019951672960598,
    -0.053356089645597966,
    10.860796739476946,
    -0.25566557995615946,
    2.776371620313737,
    -0.1846890838437342,
    -0.0038054124892714807,
    -6.447724395729333,
    -0.045329260584481106,
    0.002521837033509105,
    -0.012049760777419023,
    0.026468382529839254,
    -0.005951646375620969,
    0.09077619043366399,
    0.0338028812413405
  ],
  "feature_means": {
    "SO2_current": 3.4688676099280644,
    "NO2_current": 14.3332856938688,
    "O3_current": 53.63563295834269,
    "PM10_current": 19.582561481679615,
    "PM2.5_current": 9.84798320673709,
    "PM2.5_lag_8h": 9.819885551870412,
    "PM2.5_lag_24h": 9.77175756463964,
    "PM2.5_lag_48h": 9.755048024110566,
    "PM2.5_lag_168h": 9.808588410715762,
    "PM2.5_rolling_24h": 9.808955253449525,
    "PM2.5_rolling_7d": 9.768356989409309,
    "hour_sin": -0.003403261564602825,
    "hour_cos": -6.0098722204849485e-05,
    "dow_sin": -0.006608346212469721,
    "dow_cos": 0.0015160333290770759,
    "month_sin": 0.08820024570929177,
    "month_cos": -0.04665445148038093
  },
  "feature_stds": {
    "SO2_current": 0.7694563824494612,
    "NO2_current": 13.322686117223997,
    "O3_current": 23.326284864591777,
    "PM10_current": 12.033292992130908,
    "PM2.5_current": 6.909426590402589,
    "PM2.5_lag_8h": 6.911754477606476,
    "PM2.5_lag_24h": 6.920836281676268,
    "PM2.5_lag_48h": 6.904138975613347,
    "PM2.5_lag_168h": 6.823207489418124,
    "PM2.5_rolling_24h": 6.750026081811399,
    "PM2.5_rolling_7d": 5.372319341070187,
    "hour_sin": 0.707017669824676,
    "hour_cos": 0.7072213726526938,
    "dow_sin": 0.7094230595319144,
    "dow_cos": 0.7047840758358423,
    "month_sin": 0.6946146570843784,
    "month_cos": 0.7124617353896712
  },
  "model_type": "ridge_numpy",
  "station": "València - Av. França",
  "pollutant": "PM2.5",
  "horizon_hours": 8,
  "target_window_hours": 24,
  "alpha": 5.0,
  "feature_names": [
    "SO2_current",
    "NO2_current",
    "O3_current",
    "PM10_current",
    "PM2.5_current",
    "PM2.5_lag_8h",
    "PM2.5_lag_24h",
    "PM2.5_lag_48h",
    "PM2.5_lag_168h",
    "PM2.5_rolling_24h",
    "PM2.5_rolling_7d",
    "hour_sin",
    "hour_cos",
    "dow_sin",
    "dow_cos",
    "month_sin",
    "month_cos"
  ],
  "trained_at_utc": "2026-06-23T02:31:40+00:00",
  "source_file": "data/time/filtrado_València - Av. França.csv",
  "source_start": "2019-01-01 00:00:00",
  "source_end": "2025-01-31 23:00:00",
  "train_start": "2022-02-01 23:00:00",
  "train_end": "2024-12-31 22:00:00",
  "test_start": "2024-12-31 23:00:00",
  "test_end": "2025-01-31 15:00:00",
  "train_rows": 20991,
  "test_rows": 722,
  "metrics": {
    "mae": 1.479993358471274,
    "rmse": 2.095254402384649,
    "r2": 0.9336214519673716
  },
  "baseline_metrics": {
    "mae": 2.014829726959379,
    "rmse": 2.9822451835015786,
    "r2": 0.8655251970956334
  },
  "beats_baseline_mae": true
}