{
  "intercept": 10.00964042368199,
  "coefficients": [
    0.030782710620078722,
    0.19559428456269087,
    0.056693279148376075,
    -0.1491216787095208,
    10.032073657180197,
    -0.6805440407496711,
    2.4024904152346336,
    -0.2039306377674691,
    -0.0674846338585301,
    -5.390841413377528,
    0.08441020119528159,
    -0.0005158733990271487,
    -0.01578852204278923,
    0.03910080663991733,
    0.0043426674527877115,
    0.0074927376751246074,
    -0.05948043350763222
  ],
  "feature_means": {
    "SO2_current": 3.3478673933696683,
    "NO2_current": 11.263763188159407,
    "O3_current": 54.65471487860107,
    "PM10_current": 15.033751362310802,
    "PM2.5_current": 9.990430647944443,
    "PM2.5_lag_8h": 9.978991510556371,
    "PM2.5_lag_24h": 9.962326593467841,
    "PM2.5_lag_48h": 9.98935657415678,
    "PM2.5_lag_168h": 9.94819802269382,
    "PM2.5_rolling_24h": 9.97475833839673,
    "PM2.5_rolling_7d": 9.979425597100724,
    "hour_sin": 0.00029402167051662236,
    "hour_cos": 0.004705048676965488,
    "dow_sin": -0.01201997894284399,
    "dow_cos": 0.009620849806456212,
    "month_sin": 0.011846015289909294,
    "month_cos": -0.0515949098689525
  },
  "feature_stds": {
    "SO2_current": 0.7319821767003033,
    "NO2_current": 12.00631074097728,
    "O3_current": 23.367063164771782,
    "PM10_current": 7.9133327243095035,
    "PM2.5_current": 6.280956271400049,
    "PM2.5_lag_8h": 6.278330722376816,
    "PM2.5_lag_24h": 6.273020839976229,
    "PM2.5_lag_48h": 6.346475471867833,
    "PM2.5_lag_168h": 6.281315940454095,
    "PM2.5_rolling_24h": 6.1337789624283765,
    "PM2.5_rolling_7d": 4.996357870704175,
    "hour_sin": 0.7075184290915815,
    "hour_cos": 0.7067145480695913,
    "dow_sin": 0.7077466122282517,
    "dow_cos": 0.7063339758088818,
    "month_sin": 0.7271090342534923,
    "month_cos": 0.6845143931085396
  },
  "model_type": "ridge_numpy",
  "station": "València - Politècnic",
  "pollutant": "PM2.5",
  "horizon_hours": 8,
  "target_window_hours": 24,
  "alpha": 5.0,
  "feature_names": [
    "SO2_current",
    "NO2_current",
    "O3_current",
    "PM10_current",
    "PM2.5_current",
    "PM2.5_lag_8h",
    "PM2.5_lag_24h",
    "PM2.5_lag_48h",
    "PM2.5_lag_168h",
    "PM2.5_rolling_24h",
    "PM2.5_rolling_7d",
    "hour_sin",
    "hour_cos",
    "dow_sin",
    "dow_cos",
    "month_sin",
    "month_cos"
  ],
  "trained_at_utc": "2026-06-23T02:31:40+00:00",
  "source_file": "data/time/filtrado_València - Politècnic.csv",
  "source_start": "2019-01-01 00:00:00",
  "source_end": "2025-01-31 23:00:00",
  "train_start": "2022-02-02 01:00:00",
  "train_end": "2024-12-31 22:00:00",
  "test_start": "2024-12-31 23:00:00",
  "test_end": "2025-01-31 15:00:00",
  "train_rows": 19999,
  "test_rows": 726,
  "metrics": {
    "mae": 0.9773927164355867,
    "rmse": 1.4334246614330044,
    "r2": 0.9273190079740071
  },
  "baseline_metrics": {
    "mae": 1.3133854457515974,
    "rmse": 1.9452261771227541,
    "r2": 0.8661521767000857
  },
  "beats_baseline_mae": true
}