{
  "intercept": 9.366914778904532,
  "coefficients": [
    -0.016902819886068926,
    0.3494755317902262,
    0.09497132705000738,
    -0.3763962054112986,
    12.295075739419959,
    -0.21046533489992486,
    3.2021532632133867,
    -0.26694582972702435,
    -0.051298576305222617,
    -7.422571133639341,
    0.08880691303092839,
    0.03811329661078231,
    -0.0448516310596895,
    -0.013471089967197166,
    -0.005133216322185331,
    -0.011438933806579033,
    0.04692108744021217
  ],
  "feature_means": {
    "SO2_current": 3.482974861103471,
    "NO2_current": 16.496616975631223,
    "O3_current": 54.18799655017956,
    "PM10_current": 13.508014969573196,
    "PM2.5_current": 9.365538256210398,
    "PM2.5_lag_8h": 9.35252380468724,
    "PM2.5_lag_24h": 9.335260847627815,
    "PM2.5_lag_48h": 9.280226866291914,
    "PM2.5_lag_168h": 9.216516615967015,
    "PM2.5_rolling_24h": 9.350349325069903,
    "PM2.5_rolling_7d": 9.240673212643104,
    "hour_sin": -0.001572017665514365,
    "hour_cos": 0.0025090178997598427,
    "dow_sin": -0.02026221877480861,
    "dow_cos": -0.00524848495664124,
    "month_sin": 0.04109852115023051,
    "month_cos": -0.03322066116061974
  },
  "feature_stds": {
    "SO2_current": 0.9955197446968785,
    "NO2_current": 12.846561289920732,
    "O3_current": 23.720879371418192,
    "PM10_current": 9.307237626870082,
    "PM2.5_current": 7.536834479540489,
    "PM2.5_lag_8h": 7.521680400218834,
    "PM2.5_lag_24h": 7.532570143177414,
    "PM2.5_lag_48h": 7.482490113565113,
    "PM2.5_lag_168h": 6.822833581124937,
    "PM2.5_rolling_24h": 7.34913763289466,
    "PM2.5_rolling_7d": 5.794956000316842,
    "hour_sin": 0.7071562614728806,
    "hour_cos": 0.7070899988824213,
    "dow_sin": 0.7072656303238288,
    "dow_cos": 0.706676879139454,
    "month_sin": 0.6991379120532806,
    "month_cos": 0.7130696579457234
  },
  "model_type": "ridge_numpy",
  "station": "València - Molí del Sol",
  "pollutant": "PM2.5",
  "horizon_hours": 8,
  "target_window_hours": 24,
  "alpha": 5.0,
  "feature_names": [
    "SO2_current",
    "NO2_current",
    "O3_current",
    "PM10_current",
    "PM2.5_current",
    "PM2.5_lag_8h",
    "PM2.5_lag_24h",
    "PM2.5_lag_48h",
    "PM2.5_lag_168h",
    "PM2.5_rolling_24h",
    "PM2.5_rolling_7d",
    "hour_sin",
    "hour_cos",
    "dow_sin",
    "dow_cos",
    "month_sin",
    "month_cos"
  ],
  "trained_at_utc": "2026-06-23T02:31:40+00:00",
  "source_file": "data/time/filtrado_València - Molí del Sol.csv",
  "source_start": "2019-01-01 00:00:00",
  "source_end": "2025-01-31 23:00:00",
  "train_start": "2022-02-01 23:00:00",
  "train_end": "2024-12-23 09:00:00",
  "test_start": "2025-01-11 02:00:00",
  "test_end": "2025-01-31 15:00:00",
  "train_rows": 18179,
  "test_rows": 353,
  "metrics": {
    "mae": 0.7344749014804726,
    "rmse": 1.0902589887189627,
    "r2": 0.9329838498407952
  },
  "baseline_metrics": {
    "mae": 0.9772825247175538,
    "rmse": 1.5320704834882233,
    "r2": 0.8676641183916356
  },
  "beats_baseline_mae": true
}