{
  "intercept": 3.686348389468363,
  "coefficients": [
    0.39905326205257935,
    0.023530506924843216,
    -0.00788490302719218,
    -0.000949684600305416,
    -0.09472892826728024,
    -0.047331938919564144,
    0.055653948933076874,
    0.1663457079981125,
    0.09452327633283758,
    0.19867833225642434,
    0.19301479554970824,
    0.007208494635418179,
    -0.05405499551735733,
    0.03861020444329596,
    0.08784572128521219,
    -0.01264341779342823,
    0.05008903507186488
  ],
  "feature_means": {
    "SO2_current": 3.6776639250103385,
    "NO2_current": 17.554565087533888,
    "O3_current": 50.63835709581356,
    "PM10_current": 16.467664707765973,
    "PM2.5_current": 8.267839776958695,
    "SO2_lag_8h": 3.690713596471075,
    "SO2_lag_24h": 3.6741258098607728,
    "SO2_lag_48h": 3.6631438680329,
    "SO2_lag_168h": 3.647704820107522,
    "SO2_rolling_24h": 3.6823503204812473,
    "SO2_rolling_7d": 3.6634808103605074,
    "hour_sin": -0.011733356855002505,
    "hour_cos": 0.012807512142174607,
    "dow_sin": -0.013630059901972948,
    "dow_cos": 0.003267171807862336,
    "month_sin": -0.034185871114260066,
    "month_cos": -0.005419836662401063
  },
  "feature_stds": {
    "SO2_current": 1.4302361436533844,
    "NO2_current": 14.600147979263603,
    "O3_current": 22.552372508460063,
    "PM10_current": 10.394411731834024,
    "PM2.5_current": 6.405477920684501,
    "SO2_lag_8h": 1.4490900018193478,
    "SO2_lag_24h": 1.4230063832546778,
    "SO2_lag_48h": 1.3953641341382157,
    "SO2_lag_168h": 1.387577867964274,
    "SO2_rolling_24h": 1.0020318331608968,
    "SO2_rolling_7d": 0.8340543081224172,
    "hour_sin": 0.7053273256190336,
    "hour_cos": 0.7087013457725603,
    "dow_sin": 0.7079354744952944,
    "dow_cos": 0.7061705556294748,
    "month_sin": 0.7203954379414045,
    "month_cos": 0.6927324600352465
  },
  "model_type": "ridge_numpy",
  "station": "València - Pista de Silla",
  "pollutant": "SO2",
  "horizon_hours": 24,
  "target_window_hours": 1,
  "alpha": 5.0,
  "feature_names": [
    "SO2_current",
    "NO2_current",
    "O3_current",
    "PM10_current",
    "PM2.5_current",
    "SO2_lag_8h",
    "SO2_lag_24h",
    "SO2_lag_48h",
    "SO2_lag_168h",
    "SO2_rolling_24h",
    "SO2_rolling_7d",
    "hour_sin",
    "hour_cos",
    "dow_sin",
    "dow_cos",
    "month_sin",
    "month_cos"
  ],
  "trained_at_utc": "2026-06-23T02:31:40+00:00",
  "source_file": "data/time/filtrado_València - Pista de Silla.csv",
  "source_start": "2019-01-01 00:00:00",
  "source_end": "2025-01-31 23:00:00",
  "train_start": "2022-02-02 17:00:00",
  "train_end": "2024-12-31 22:00:00",
  "test_start": "2024-12-31 23:00:00",
  "test_end": "2025-01-30 23:00:00",
  "train_rows": 21763,
  "test_rows": 699,
  "metrics": {
    "mae": 0.889813152646936,
    "rmse": 1.2680089782349933,
    "r2": 0.2043345185429184
  },
  "baseline_metrics": {
    "mae": 0.7281831187410587,
    "rmse": 1.4604955358714484,
    "r2": -0.055568272051078615
  },
  "beats_baseline_mae": false
}